_id,purchase_id,part_id,buyer_id,quantity,purchase_date,total_cost
6733bb40b04e91851e9d7906,1,5,186,3,2024-02-19T00:00:00.000Z,23.75
6733bb40b04e91851e9d7907,2,5,135,4,2024-03-04T00:00:00.000Z,165.81
6733bb40b04e91851e9d7908,3,10,121,5,2024-03-02T00:00:00.000Z,54.58
6733bb40b04e91851e9d7909,4,5,161,7,2024-01-21T00:00:00.000Z,144.78
6733bb40b04e91851e9d790a,5,8,108,1,2024-03-03T00:00:00.000Z,89.27
6733bb40b04e91851e9d790b,6,9,123,7,2024-03-09T00:00:00.000Z,71.82
6733bb40b04e91851e9d790c,7,1,111,1,2024-02-22T00:00:00.000Z,194.59
6733bb40b04e91851e9d790d,8,9,186,8,2024-02-16T00:00:00.000Z,172.51
6733bb40b04e91851e9d790e,9,4,192,10,2024-01-31T00:00:00.000Z,92.24
6733bb40b04e91851e9d790f,10,8,116,3,2024-02-04T00:00:00.000Z,167.53
6733bb40b04e91851e9d7910,11,1,105,7,2024-03-10T00:00:00.000Z,177.67
6733bb40b04e91851e9d7911,12,5,140,2,2024-02-11T00:00:00.000Z,124.58
6733bb40b04e91851e9d7912,13,9,134,5,2024-02-17T00:00:00.000Z,83.52
6733bb40b04e91851e9d7913,14,10,144,5,2024-02-04T00:00:00.000Z,87.64
6733bb40b04e91851e9d7914,15,8,177,5,2024-03-10T00:00:00.000Z,177.27
6733bb40b04e91851e9d7915,16,4,110,2,2024-01-18T00:00:00.000Z,195.6
6733bb40b04e91851e9d7916,17,3,172,3,2024-02-22T00:00:00.000Z,190.19
6733bb40b04e91851e9d7917,18,4,135,8,2024-02-21T00:00:00.000Z,85.42
6733bb40b04e91851e9d7918,19,6,136,2,2024-03-03T00:00:00.000Z,113.32
6733bb40b04e91851e9d7919,20,1,180,8,2024-02-02T00:00:00.000Z,72.47
6733bb40b04e91851e9d791a,21,1,199,2,2024-02-10T00:00:00.000Z,84.49
6733bb40b04e91851e9d791b,22,9,136,8,2024-02-01T00:00:00.000Z,199.72
6733bb40b04e91851e9d791c,23,8,192,9,2024-03-02T00:00:00.000Z,73.78
6733bb40b04e91851e9d791d,24,6,166,10,2024-02-10T00:00:00.000Z,168.75
6733bb40b04e91851e9d791e,25,3,102,2,2024-02-19T00:00:00.000Z,171.61
6733bb40b04e91851e9d791f,26,6,200,4,2024-02-12T00:00:00.000Z,130.43
6733bb40b04e91851e9d7920,27,2,182,2,2024-03-13T00:00:00.000Z,64.49
6733bb40b04e91851e9d7921,28,6,148,4,2024-02-10T00:00:00.000Z,76.52
6733bb40b04e91851e9d7922,29,7,113,7,2024-02-25T00:00:00.000Z,31.38
6733bb40b04e91851e9d7923,30,5,199,9,2024-02-15T00:00:00.000Z,96.3
6733bb40b04e91851e9d7924,31,6,172,1,2024-02-28T00:00:00.000Z,197.39
6733bb40b04e91851e9d7925,32,5,106,7,2024-03-06T00:00:00.000Z,146.26
6733bb40b04e91851e9d7926,33,10,185,1,2024-01-26T00:00:00.000Z,49.52
6733bb40b04e91851e9d7927,34,3,152,7,2024-02-24T00:00:00.000Z,104.5
6733bb40b04e91851e9d7928,35,9,171,2,2024-03-15T00:00:00.000Z,116.09
6733bb40b04e91851e9d7929,36,4,180,6,2024-03-11T00:00:00.000Z,65.96
6733bb40b04e91851e9d792a,37,9,116,2,2024-03-01T00:00:00.000Z,103.86
6733bb40b04e91851e9d792b,38,8,159,7,2024-02-17T00:00:00.000Z,77.33
6733bb40b04e91851e9d792c,39,6,168,6,2024-01-21T00:00:00.000Z,175.05
6733bb40b04e91851e9d792d,40,6,147,7,2024-03-12T00:00:00.000Z,62.3
6733bb40b04e91851e9d792e,41,5,191,5,2024-03-12T00:00:00.000Z,88.49
6733bb40b04e91851e9d792f,42,3,142,1,2024-02-14T00:00:00.000Z,71.95
6733bb40b04e91851e9d7930,43,9,194,8,2024-01-15T00:00:00.000Z,125.49
6733bb40b04e91851e9d7931,44,1,189,10,2024-02-15T00:00:00.000Z,177
6733bb40b04e91851e9d7932,45,6,172,2,2024-02-27T00:00:00.000Z,115.07
6733bb40b04e91851e9d7933,46,2,133,1,2024-02-20T00:00:00.000Z,199.6
6733bb40b04e91851e9d7934,47,1,153,4,2024-01-27T00:00:00.000Z,152.8
6733bb40b04e91851e9d7935,48,9,113,3,2024-02-29T00:00:00.000Z,54.06
6733bb40b04e91851e9d7936,49,5,166,1,2024-01-29T00:00:00.000Z,97.36
6733bb40b04e91851e9d7937,50,8,150,1,2024-01-22T00:00:00.000Z,63.47
6733bb40b04e91851e9d7938,51,5,176,2,2024-01-23T00:00:00.000Z,125.57
6733bb40b04e91851e9d7939,52,6,174,10,2024-02-23T00:00:00.000Z,117.9
6733bb40b04e91851e9d793a,53,6,193,2,2024-03-04T00:00:00.000Z,192.43
6733bb40b04e91851e9d793b,54,3,132,6,2024-02-29T00:00:00.000Z,75.64
6733bb40b04e91851e9d793c,55,2,157,9,2024-01-18T00:00:00.000Z,66.7
6733bb40b04e91851e9d793d,56,3,155,6,2024-02-07T00:00:00.000Z,69.35
6733bb40b04e91851e9d793e,57,9,152,4,2024-01-24T00:00:00.000Z,132.52
6733bb40b04e91851e9d793f,58,3,105,8,2024-02-05T00:00:00.000Z,173.78
6733bb40b04e91851e9d7940,59,2,138,1,2024-02-24T00:00:00.000Z,92.81
6733bb40b04e91851e9d7941,60,5,154,10,2024-02-12T00:00:00.000Z,49.7
6733bb40b04e91851e9d7942,61,3,105,6,2024-01-26T00:00:00.000Z,160.58
6733bb40b04e91851e9d7943,62,5,135,1,2024-01-22T00:00:00.000Z,116.78
6733bb40b04e91851e9d7944,63,4,124,4,2024-02-28T00:00:00.000Z,176.13
6733bb40b04e91851e9d7945,64,4,114,8,2024-02-29T00:00:00.000Z,163.83
6733bb40b04e91851e9d7946,65,1,113,1,2024-01-16T00:00:00.000Z,26.46
6733bb40b04e91851e9d7947,66,2,184,1,2024-01-21T00:00:00.000Z,66.87
6733bb40b04e91851e9d7948,67,5,103,2,2024-03-14T00:00:00.000Z,199.3
6733bb40b04e91851e9d7949,68,2,119,4,2024-01-25T00:00:00.000Z,27.97
6733bb40b04e91851e9d794a,69,8,152,4,2024-02-25T00:00:00.000Z,196.81
6733bb40b04e91851e9d794b,70,3,150,3,2024-03-12T00:00:00.000Z,71.45
6733bb40b04e91851e9d794c,71,6,157,1,2024-02-14T00:00:00.000Z,133.21
6733bb40b04e91851e9d794d,72,7,200,2,2024-01-21T00:00:00.000Z,116.97
6733bb40b04e91851e9d794e,73,5,158,7,2024-01-15T00:00:00.000Z,84.81
6733bb40b04e91851e9d794f,74,8,106,4,2024-02-28T00:00:00.000Z,115.9
6733bb40b04e91851e9d7950,75,10,139,9,2024-03-15T00:00:00.000Z,85.16
6733bb40b04e91851e9d7951,76,5,170,6,2024-02-02T00:00:00.000Z,108.26
6733bb40b04e91851e9d7952,77,3,163,5,2024-03-01T00:00:00.000Z,181.85
6733bb40b04e91851e9d7953,78,1,173,9,2024-02-26T00:00:00.000Z,87.16
6733bb40b04e91851e9d7954,79,9,139,8,2024-02-21T00:00:00.000Z,181.36
6733bb40b04e91851e9d7955,80,5,165,7,2024-01-26T00:00:00.000Z,118.97
6733bb40b04e91851e9d7956,81,7,175,8,2024-01-30T00:00:00.000Z,112.51
6733bb40b04e91851e9d7957,82,4,125,5,2024-02-06T00:00:00.000Z,67.94
6733bb40b04e91851e9d7958,83,5,118,1,2024-02-12T00:00:00.000Z,39.7
6733bb40b04e91851e9d7959,84,4,163,1,2024-03-10T00:00:00.000Z,134.84
6733bb40b04e91851e9d795a,85,1,132,7,2024-01-25T00:00:00.000Z,31.4
6733bb40b04e91851e9d795b,86,7,104,5,2024-02-28T00:00:00.000Z,187.59
6733bb40b04e91851e9d795c,87,8,175,10,2024-02-15T00:00:00.000Z,58.27
6733bb40b04e91851e9d795d,88,9,189,5,2024-02-02T00:00:00.000Z,85.62
6733bb40b04e91851e9d795e,89,2,110,6,2024-01-18T00:00:00.000Z,118.6
6733bb40b04e91851e9d795f,90,9,183,3,2024-03-14T00:00:00.000Z,176.28
6733bb40b04e91851e9d7960,91,4,185,9,2024-03-07T00:00:00.000Z,91.38
6733bb40b04e91851e9d7961,92,7,147,3,2024-02-27T00:00:00.000Z,164.63
6733bb40b04e91851e9d7962,93,5,113,9,2024-02-02T00:00:00.000Z,142.56
6733bb40b04e91851e9d7963,94,5,128,1,2024-02-01T00:00:00.000Z,164.74
6733bb40b04e91851e9d7964,95,3,105,7,2024-03-05T00:00:00.000Z,91.75
6733bb40b04e91851e9d7965,96,7,188,9,2024-02-15T00:00:00.000Z,145.2
6733bb40b04e91851e9d7966,97,3,177,5,2024-01-21T00:00:00.000Z,28.71
6733bb40b04e91851e9d7967,98,8,162,1,2024-02-14T00:00:00.000Z,81.73
6733bb40b04e91851e9d7968,99,2,165,7,2024-02-13T00:00:00.000Z,123.64
6733bb40b04e91851e9d7969,100,7,156,10,2024-02-19T00:00:00.000Z,172.07
6733bb40b04e91851e9d796a,101,10,194,9,2024-01-20T00:00:00.000Z,29.8
6733bb40b04e91851e9d796b,102,10,166,9,2024-01-20T00:00:00.000Z,174.87
6733bb40b04e91851e9d796c,103,2,182,3,2024-02-22T00:00:00.000Z,137.52
6733bb40b04e91851e9d796d,104,5,186,1,2024-02-17T00:00:00.000Z,155.67
6733bb40b04e91851e9d796e,105,4,164,8,2024-02-14T00:00:00.000Z,184.2
6733bb40b04e91851e9d796f,106,8,151,8,2024-03-08T00:00:00.000Z,173.15
6733bb40b04e91851e9d7970,107,5,184,2,2024-01-27T00:00:00.000Z,132.48
6733bb40b04e91851e9d7971,108,2,192,7,2024-01-31T00:00:00.000Z,65.72
6733bb40b04e91851e9d7972,109,1,192,9,2024-02-14T00:00:00.000Z,59.09
6733bb40b04e91851e9d7973,110,6,157,10,2024-02-04T00:00:00.000Z,166.63
6733bb40b04e91851e9d7974,111,2,137,2,2024-02-03T00:00:00.000Z,116.77
6733bb40b04e91851e9d7975,112,7,189,4,2024-02-10T00:00:00.000Z,79.92
6733bb40b04e91851e9d7976,113,2,129,7,2024-01-20T00:00:00.000Z,129.06
6733bb40b04e91851e9d7977,114,7,133,4,2024-02-01T00:00:00.000Z,26.52
6733bb40b04e91851e9d7978,115,7,120,1,2024-02-19T00:00:00.000Z,162.95
6733bb40b04e91851e9d7979,116,2,153,4,2024-03-03T00:00:00.000Z,85.11
6733bb40b04e91851e9d797a,117,7,144,10,2024-02-19T00:00:00.000Z,159.91
6733bb40b04e91851e9d797b,118,3,139,8,2024-01-28T00:00:00.000Z,24.76
6733bb40b04e91851e9d797c,119,1,109,4,2024-01-22T00:00:00.000Z,55.85
6733bb40b04e91851e9d797d,120,6,192,9,2024-03-07T00:00:00.000Z,87.04
6733bb40b04e91851e9d797e,121,2,188,1,2024-02-26T00:00:00.000Z,113.79
6733bb40b04e91851e9d797f,122,5,187,3,2024-01-22T00:00:00.000Z,162.45
6733bb40b04e91851e9d7980,123,3,181,3,2024-02-24T00:00:00.000Z,128.05
6733bb40b04e91851e9d7981,124,10,116,3,2024-01-19T00:00:00.000Z,139.09
6733bb40b04e91851e9d7982,125,5,181,3,2024-02-21T00:00:00.000Z,68.55
6733bb40b04e91851e9d7983,126,7,109,9,2024-03-13T00:00:00.000Z,138.4
6733bb40b04e91851e9d7984,127,9,104,3,2024-02-15T00:00:00.000Z,117.1
6733bb40b04e91851e9d7985,128,8,159,7,2024-02-26T00:00:00.000Z,54.85
6733bb40b04e91851e9d7986,129,1,107,2,2024-01-24T00:00:00.000Z,157.68
6733bb40b04e91851e9d7987,130,8,143,9,2024-03-13T00:00:00.000Z,100.92
6733bb40b04e91851e9d7988,131,4,156,8,2024-01-16T00:00:00.000Z,55.54
6733bb40b04e91851e9d7989,132,2,177,8,2024-02-10T00:00:00.000Z,195.96
6733bb40b04e91851e9d798a,133,1,179,7,2024-03-15T00:00:00.000Z,136.29
6733bb40b04e91851e9d798b,134,7,119,1,2024-02-24T00:00:00.000Z,160.49
6733bb40b04e91851e9d798c,135,6,146,10,2024-03-15T00:00:00.000Z,174.46
6733bb40b04e91851e9d798d,136,1,109,2,2024-02-07T00:00:00.000Z,126.16
6733bb40b04e91851e9d798e,137,4,102,4,2024-02-19T00:00:00.000Z,31.21
6733bb40b04e91851e9d798f,138,2,185,3,2024-01-22T00:00:00.000Z,108.75
6733bb40b04e91851e9d7990,139,1,132,10,2024-03-06T00:00:00.000Z,120.56
6733bb40b04e91851e9d7991,140,4,139,2,2024-01-19T00:00:00.000Z,170.82
6733bb40b04e91851e9d7992,141,7,102,4,2024-02-12T00:00:00.000Z,162.27
6733bb40b04e91851e9d7993,142,7,113,1,2024-02-13T00:00:00.000Z,122.57
6733bb40b04e91851e9d7994,143,9,182,3,2024-02-01T00:00:00.000Z,35.86
6733bb40b04e91851e9d7995,144,7,177,4,2024-01-20T00:00:00.000Z,159.36
6733bb40b04e91851e9d7996,145,4,175,8,2024-03-11T00:00:00.000Z,127.63
6733bb40b04e91851e9d7997,146,5,159,1,2024-01-17T00:00:00.000Z,93.09
6733bb40b04e91851e9d7998,147,5,195,1,2024-03-03T00:00:00.000Z,197.13
6733bb40b04e91851e9d7999,148,10,151,4,2024-02-28T00:00:00.000Z,164.39
6733bb40b04e91851e9d799a,149,10,197,4,2024-03-06T00:00:00.000Z,36.18
6733bb40b04e91851e9d799b,150,8,149,6,2024-02-01T00:00:00.000Z,145.07
6733bb40b04e91851e9d799c,151,9,134,1,2024-01-28T00:00:00.000Z,109.85
6733bb40b04e91851e9d799d,152,1,152,7,2024-03-10T00:00:00.000Z,152.65
6733bb40b04e91851e9d799e,153,3,183,2,2024-02-24T00:00:00.000Z,181.69
6733bb40b04e91851e9d799f,154,8,129,3,2024-02-08T00:00:00.000Z,51.64
6733bb40b04e91851e9d79a0,155,6,138,10,2024-03-06T00:00:00.000Z,54.75
6733bb40b04e91851e9d79a1,156,4,194,8,2024-03-14T00:00:00.000Z,149.17
6733bb40b04e91851e9d79a2,157,4,179,9,2024-03-11T00:00:00.000Z,139.96
6733bb40b04e91851e9d79a3,158,9,138,8,2024-02-11T00:00:00.000Z,198.22
6733bb40b04e91851e9d79a4,159,9,142,7,2024-01-21T00:00:00.000Z,85.25
6733bb40b04e91851e9d79a5,160,10,199,7,2024-03-09T00:00:00.000Z,171.18
6733bb40b04e91851e9d79a6,161,9,110,5,2024-03-04T00:00:00.000Z,149.19
6733bb40b04e91851e9d79a7,162,4,175,10,2024-02-11T00:00:00.000Z,34.61
6733bb40b04e91851e9d79a8,163,7,157,7,2024-01-15T00:00:00.000Z,158.43
6733bb40b04e91851e9d79a9,164,7,116,2,2024-02-27T00:00:00.000Z,75.32
6733bb40b04e91851e9d79aa,165,10,152,1,2024-01-18T00:00:00.000Z,194.81
6733bb40b04e91851e9d79ab,166,4,166,4,2024-02-16T00:00:00.000Z,176.42
6733bb40b04e91851e9d79ac,167,6,199,6,2024-02-06T00:00:00.000Z,153.8
6733bb40b04e91851e9d79ad,168,9,111,4,2024-02-05T00:00:00.000Z,126.55
6733bb40b04e91851e9d79ae,169,1,165,7,2024-02-09T00:00:00.000Z,191.03
6733bb40b04e91851e9d79af,170,1,167,6,2024-02-24T00:00:00.000Z,60.05
6733bb40b04e91851e9d79b0,171,6,126,2,2024-03-09T00:00:00.000Z,178.11
6733bb40b04e91851e9d79b1,172,7,142,3,2024-01-27T00:00:00.000Z,132.38
6733bb40b04e91851e9d79b2,173,8,153,5,2024-02-27T00:00:00.000Z,83.41
6733bb40b04e91851e9d79b3,174,10,189,6,2024-02-12T00:00:00.000Z,20.86
6733bb40b04e91851e9d79b4,175,5,173,9,2024-01-18T00:00:00.000Z,73.85
6733bb40b04e91851e9d79b5,176,10,133,4,2024-01-16T00:00:00.000Z,88.1
6733bb40b04e91851e9d79b6,177,1,144,8,2024-03-06T00:00:00.000Z,87.84
6733bb40b04e91851e9d79b7,178,2,108,3,2024-02-20T00:00:00.000Z,20.34
6733bb40b04e91851e9d79b8,179,10,190,3,2024-01-23T00:00:00.000Z,163.96
6733bb40b04e91851e9d79b9,180,3,127,3,2024-01-20T00:00:00.000Z,111.13
6733bb40b04e91851e9d79ba,181,8,157,9,2024-02-26T00:00:00.000Z,85.8
6733bb40b04e91851e9d79bb,182,6,148,6,2024-03-12T00:00:00.000Z,87.4
6733bb40b04e91851e9d79bc,183,2,162,8,2024-01-17T00:00:00.000Z,150.1
6733bb40b04e91851e9d79bd,184,3,116,5,2024-02-16T00:00:00.000Z,159.05
6733bb40b04e91851e9d79be,185,2,157,2,2024-02-20T00:00:00.000Z,47.9
6733bb40b04e91851e9d79bf,186,8,113,1,2024-03-12T00:00:00.000Z,49.38
6733bb40b04e91851e9d79c0,187,9,146,5,2024-02-08T00:00:00.000Z,158.2
6733bb40b04e91851e9d79c1,188,7,160,1,2024-03-06T00:00:00.000Z,90.47
6733bb40b04e91851e9d79c2,189,4,181,5,2024-01-16T00:00:00.000Z,99.31
6733bb40b04e91851e9d79c3,190,8,183,4,2024-02-13T00:00:00.000Z,157.83
6733bb40b04e91851e9d79c4,191,8,172,8,2024-01-23T00:00:00.000Z,33.78
6733bb40b04e91851e9d79c5,192,1,190,4,2024-02-18T00:00:00.000Z,140.5
6733bb40b04e91851e9d79c6,193,5,136,3,2024-02-24T00:00:00.000Z,138.05
6733bb40b04e91851e9d79c7,194,4,162,9,2024-02-04T00:00:00.000Z,63.84
6733bb40b04e91851e9d79c8,195,4,172,9,2024-03-11T00:00:00.000Z,195.26
6733bb40b04e91851e9d79c9,196,1,172,5,2024-01-15T00:00:00.000Z,129.24
6733bb40b04e91851e9d79ca,197,10,133,1,2024-02-23T00:00:00.000Z,101.3
6733bb40b04e91851e9d79cb,198,5,133,3,2024-02-14T00:00:00.000Z,33.91
6733bb40b04e91851e9d79cc,199,1,104,4,2024-01-17T00:00:00.000Z,65.08
6733bb40b04e91851e9d79cd,200,3,195,3,2024-02-27T00:00:00.000Z,72.83
6733bb40b04e91851e9d79ce,201,3,152,8,2024-02-25T00:00:00.000Z,41.67
6733bb40b04e91851e9d79cf,202,9,104,3,2024-02-27T00:00:00.000Z,183.77
6733bb40b04e91851e9d79d0,203,6,150,3,2024-02-22T00:00:00.000Z,33.35
6733bb40b04e91851e9d79d1,204,4,151,5,2024-02-21T00:00:00.000Z,163.72
6733bb40b04e91851e9d79d2,205,1,195,5,2024-02-20T00:00:00.000Z,26.96
6733bb40b04e91851e9d79d3,206,9,159,6,2024-01-15T00:00:00.000Z,168.71
6733bb40b04e91851e9d79d4,207,10,184,4,2024-02-23T00:00:00.000Z,22.68
6733bb40b04e91851e9d79d5,208,2,179,7,2024-03-03T00:00:00.000Z,71.04
6733bb40b04e91851e9d79d6,209,6,185,3,2024-02-26T00:00:00.000Z,65.75
6733bb40b04e91851e9d79d7,210,7,195,2,2024-03-02T00:00:00.000Z,179.14
6733bb40b04e91851e9d79d8,211,10,114,1,2024-02-24T00:00:00.000Z,88.34
6733bb40b04e91851e9d79d9,212,7,108,9,2024-03-15T00:00:00.000Z,70.03
6733bb40b04e91851e9d79da,213,7,186,8,2024-01-30T00:00:00.000Z,178.76
6733bb40b04e91851e9d79db,214,3,169,4,2024-01-19T00:00:00.000Z,43
6733bb40b04e91851e9d79dc,215,1,150,8,2024-02-01T00:00:00.000Z,25.45
6733bb40b04e91851e9d79dd,216,5,121,6,2024-03-10T00:00:00.000Z,191.83
6733bb40b04e91851e9d79de,217,1,140,8,2024-01-25T00:00:00.000Z,199.03
6733bb40b04e91851e9d79df,218,6,133,9,2024-03-15T00:00:00.000Z,110.69
6733bb40b04e91851e9d79e0,219,3,112,4,2024-03-03T00:00:00.000Z,154.28
6733bb40b04e91851e9d79e1,220,4,147,5,2024-01-26T00:00:00.000Z,109.76
6733bb40b04e91851e9d79e2,221,1,128,6,2024-02-14T00:00:00.000Z,130.13
6733bb40b04e91851e9d79e3,222,9,187,2,2024-03-09T00:00:00.000Z,181.7
6733bb40b04e91851e9d79e4,223,8,137,4,2024-02-29T00:00:00.000Z,154.52
6733bb40b04e91851e9d79e5,224,4,111,4,2024-02-14T00:00:00.000Z,155.77
6733bb40b04e91851e9d79e6,225,6,139,2,2024-03-03T00:00:00.000Z,42.34
6733bb40b04e91851e9d79e7,226,4,120,1,2024-02-01T00:00:00.000Z,131.81
6733bb40b04e91851e9d79e8,227,7,117,3,2024-01-30T00:00:00.000Z,177.23
6733bb40b04e91851e9d79e9,228,10,162,8,2024-01-17T00:00:00.000Z,100.45
6733bb40b04e91851e9d79ea,229,2,127,7,2024-02-29T00:00:00.000Z,183.39
6733bb40b04e91851e9d79eb,230,1,191,9,2024-02-12T00:00:00.000Z,146.45
6733bb40b04e91851e9d79ec,231,1,193,3,2024-01-21T00:00:00.000Z,191.91
6733bb40b04e91851e9d79ed,232,10,192,7,2024-02-20T00:00:00.000Z,130.98
6733bb40b04e91851e9d79ee,233,4,104,8,2024-03-13T00:00:00.000Z,111.6
6733bb40b04e91851e9d79ef,234,10,123,4,2024-02-16T00:00:00.000Z,159.89
6733bb40b04e91851e9d79f0,235,5,158,1,2024-01-24T00:00:00.000Z,130.01
6733bb40b04e91851e9d79f1,236,4,137,1,2024-01-26T00:00:00.000Z,40.84
6733bb40b04e91851e9d79f2,237,1,133,10,2024-01-16T00:00:00.000Z,151.82
6733bb40b04e91851e9d79f3,238,4,152,7,2024-02-28T00:00:00.000Z,61.63
6733bb40b04e91851e9d79f4,239,3,178,7,2024-02-08T00:00:00.000Z,131.1
6733bb40b04e91851e9d79f5,240,6,110,2,2024-01-23T00:00:00.000Z,166.61
6733bb40b04e91851e9d79f6,241,8,108,9,2024-03-10T00:00:00.000Z,46.43
6733bb40b04e91851e9d79f7,242,7,153,7,2024-02-20T00:00:00.000Z,151
6733bb40b04e91851e9d79f8,243,10,195,7,2024-02-11T00:00:00.000Z,115.83
6733bb40b04e91851e9d79f9,244,4,102,6,2024-02-11T00:00:00.000Z,135.87
6733bb40b04e91851e9d79fa,245,4,193,10,2024-02-23T00:00:00.000Z,29.53
6733bb40b04e91851e9d79fb,246,8,147,9,2024-01-22T00:00:00.000Z,62.16
6733bb40b04e91851e9d79fc,247,2,157,1,2024-02-19T00:00:00.000Z,73.6
6733bb40b04e91851e9d79fd,248,7,106,5,2024-03-11T00:00:00.000Z,47.47
6733bb40b04e91851e9d79fe,249,9,191,1,2024-01-20T00:00:00.000Z,96.29
6733bb40b04e91851e9d79ff,250,10,194,7,2024-02-26T00:00:00.000Z,112.54
6733bb40b04e91851e9d7a00,251,9,124,1,2024-03-08T00:00:00.000Z,103.05
6733bb40b04e91851e9d7a01,252,5,165,10,2024-02-13T00:00:00.000Z,44.52
6733bb40b04e91851e9d7a02,253,7,143,4,2024-02-01T00:00:00.000Z,28.96
6733bb40b04e91851e9d7a03,254,9,166,10,2024-01-31T00:00:00.000Z,46.55
6733bb40b04e91851e9d7a04,255,7,169,10,2024-01-29T00:00:00.000Z,41.82
6733bb40b04e91851e9d7a05,256,9,117,9,2024-02-23T00:00:00.000Z,180.31
6733bb40b04e91851e9d7a06,257,10,140,1,2024-03-03T00:00:00.000Z,66.77
6733bb40b04e91851e9d7a07,258,9,143,9,2024-03-09T00:00:00.000Z,152.25
6733bb40b04e91851e9d7a08,259,9,104,6,2024-02-19T00:00:00.000Z,27.62
6733bb40b04e91851e9d7a09,260,4,113,3,2024-02-09T00:00:00.000Z,163.03
6733bb40b04e91851e9d7a0a,261,4,106,9,2024-01-29T00:00:00.000Z,60.63
6733bb40b04e91851e9d7a0b,262,7,146,8,2024-01-22T00:00:00.000Z,107.9
6733bb40b04e91851e9d7a0c,263,1,178,9,2024-02-18T00:00:00.000Z,189.68
6733bb40b04e91851e9d7a0d,264,8,144,6,2024-02-08T00:00:00.000Z,44.06
6733bb40b04e91851e9d7a0e,265,9,124,1,2024-02-14T00:00:00.000Z,171.46
6733bb40b04e91851e9d7a0f,266,10,195,4,2024-02-01T00:00:00.000Z,195.17
6733bb40b04e91851e9d7a10,267,4,158,8,2024-01-17T00:00:00.000Z,169.19
6733bb40b04e91851e9d7a11,268,4,170,6,2024-01-25T00:00:00.000Z,166.44
6733bb40b04e91851e9d7a12,269,7,113,10,2024-02-29T00:00:00.000Z,168.35
6733bb40b04e91851e9d7a13,270,9,155,1,2024-01-30T00:00:00.000Z,79.59
6733bb40b04e91851e9d7a14,271,2,148,3,2024-01-21T00:00:00.000Z,163.26
6733bb40b04e91851e9d7a15,272,4,198,8,2024-01-31T00:00:00.000Z,34.92
6733bb40b04e91851e9d7a16,273,7,137,3,2024-02-15T00:00:00.000Z,29.1
6733bb40b04e91851e9d7a17,274,10,193,8,2024-02-27T00:00:00.000Z,132.13
6733bb40b04e91851e9d7a18,275,9,105,9,2024-03-07T00:00:00.000Z,72.16
6733bb40b04e91851e9d7a19,276,2,160,2,2024-02-27T00:00:00.000Z,118.15
6733bb40b04e91851e9d7a1a,277,2,132,2,2024-02-27T00:00:00.000Z,132.15
6733bb40b04e91851e9d7a1b,278,9,141,9,2024-03-02T00:00:00.000Z,46.42
6733bb40b04e91851e9d7a1c,279,3,107,8,2024-02-02T00:00:00.000Z,100.46
6733bb40b04e91851e9d7a1d,280,10,127,10,2024-01-15T00:00:00.000Z,79.53
6733bb40b04e91851e9d7a1e,281,6,122,8,2024-02-19T00:00:00.000Z,88.4
6733bb40b04e91851e9d7a1f,282,5,189,10,2024-01-28T00:00:00.000Z,32.68
6733bb40b04e91851e9d7a20,283,4,148,6,2024-03-12T00:00:00.000Z,174.95
6733bb40b04e91851e9d7a21,284,1,117,6,2024-02-13T00:00:00.000Z,62.71
6733bb40b04e91851e9d7a22,285,4,146,3,2024-02-11T00:00:00.000Z,168.15
6733bb40b04e91851e9d7a23,286,4,174,4,2024-03-02T00:00:00.000Z,85.93
6733bb40b04e91851e9d7a24,287,6,165,10,2024-03-08T00:00:00.000Z,41.23
6733bb40b04e91851e9d7a25,288,9,130,1,2024-01-26T00:00:00.000Z,81.56
6733bb40b04e91851e9d7a26,289,5,167,4,2024-02-20T00:00:00.000Z,40.04
6733bb40b04e91851e9d7a27,290,8,158,10,2024-01-21T00:00:00.000Z,181.67
6733bb40b04e91851e9d7a28,291,9,178,1,2024-01-24T00:00:00.000Z,95.28
6733bb40b04e91851e9d7a29,292,1,183,4,2024-03-01T00:00:00.000Z,142.49
6733bb40b04e91851e9d7a2a,293,1,123,4,2024-03-08T00:00:00.000Z,147.67
6733bb40b04e91851e9d7a2b,294,3,190,9,2024-03-03T00:00:00.000Z,30.25
6733bb40b04e91851e9d7a2c,295,1,155,8,2024-01-19T00:00:00.000Z,111.05
6733bb40b04e91851e9d7a2d,296,10,192,2,2024-03-12T00:00:00.000Z,94.03
6733bb40b04e91851e9d7a2e,297,3,129,3,2024-02-08T00:00:00.000Z,31
6733bb40b04e91851e9d7a2f,298,10,191,10,2024-03-12T00:00:00.000Z,82.38
6733bb40b04e91851e9d7a30,299,2,160,3,2024-02-07T00:00:00.000Z,116.92
6733bb40b04e91851e9d7a31,300,6,178,4,2024-02-11T00:00:00.000Z,196.94
6733bb40b04e91851e9d7a32,301,5,196,9,2024-03-01T00:00:00.000Z,181.93
6733bb40b04e91851e9d7a33,302,5,187,9,2024-03-14T00:00:00.000Z,88.76
6733bb40b04e91851e9d7a34,303,2,101,3,2024-02-08T00:00:00.000Z,24.94
6733bb40b04e91851e9d7a35,304,2,152,4,2024-01-16T00:00:00.000Z,50.27
6733bb40b04e91851e9d7a36,305,6,125,5,2024-03-13T00:00:00.000Z,196.82
6733bb40b04e91851e9d7a37,306,9,130,2,2024-01-20T00:00:00.000Z,159.95
6733bb40b04e91851e9d7a38,307,1,199,8,2024-01-21T00:00:00.000Z,95.76
6733bb40b04e91851e9d7a39,308,10,144,7,2024-01-16T00:00:00.000Z,37.66
6733bb40b04e91851e9d7a3a,309,7,123,3,2024-01-24T00:00:00.000Z,181.34
6733bb40b04e91851e9d7a3b,310,7,184,6,2024-02-14T00:00:00.000Z,56.15
6733bb40b04e91851e9d7a3c,311,5,143,4,2024-03-12T00:00:00.000Z,23
6733bb40b04e91851e9d7a3d,312,7,102,4,2024-01-27T00:00:00.000Z,93.22
6733bb40b04e91851e9d7a3e,313,5,185,3,2024-02-18T00:00:00.000Z,20.32
6733bb40b04e91851e9d7a3f,314,5,135,10,2024-01-22T00:00:00.000Z,196.49
6733bb40b04e91851e9d7a40,315,2,123,3,2024-01-21T00:00:00.000Z,154.1
6733bb40b04e91851e9d7a41,316,8,134,5,2024-02-03T00:00:00.000Z,28.82
6733bb40b04e91851e9d7a42,317,6,155,4,2024-03-05T00:00:00.000Z,169.7
6733bb40b04e91851e9d7a43,318,2,167,1,2024-02-26T00:00:00.000Z,82.06
6733bb40b04e91851e9d7a44,319,4,157,7,2024-02-16T00:00:00.000Z,39.41
6733bb40b04e91851e9d7a45,320,4,167,4,2024-02-12T00:00:00.000Z,59.64
6733bb40b04e91851e9d7a46,321,5,189,5,2024-03-15T00:00:00.000Z,56.53
6733bb40b04e91851e9d7a47,322,1,135,2,2024-02-04T00:00:00.000Z,130.02
6733bb40b04e91851e9d7a48,323,8,144,4,2024-03-13T00:00:00.000Z,118.74
6733bb40b04e91851e9d7a49,324,4,124,6,2024-03-07T00:00:00.000Z,124.19
6733bb40b04e91851e9d7a4a,325,8,156,5,2024-02-18T00:00:00.000Z,193.02
6733bb40b04e91851e9d7a4b,326,1,174,5,2024-02-22T00:00:00.000Z,143.21
6733bb40b04e91851e9d7a4c,327,8,143,4,2024-03-02T00:00:00.000Z,28.8
6733bb40b04e91851e9d7a4d,328,6,102,9,2024-01-15T00:00:00.000Z,25.64
6733bb40b04e91851e9d7a4e,329,6,116,9,2024-01-17T00:00:00.000Z,154.11
6733bb40b04e91851e9d7a4f,330,1,161,2,2024-01-20T00:00:00.000Z,74.97
6733bb40b04e91851e9d7a50,331,10,167,10,2024-02-19T00:00:00.000Z,60.3
6733bb40b04e91851e9d7a51,332,4,164,8,2024-03-15T00:00:00.000Z,139.54
6733bb40b04e91851e9d7a52,333,4,103,3,2024-03-15T00:00:00.000Z,24.04
6733bb40b04e91851e9d7a53,334,3,149,7,2024-02-19T00:00:00.000Z,122.73
6733bb40b04e91851e9d7a54,335,5,199,4,2024-02-14T00:00:00.000Z,181.49
6733bb40b04e91851e9d7a55,336,4,171,7,2024-02-15T00:00:00.000Z,45.52
6733bb40b04e91851e9d7a56,337,1,109,3,2024-02-03T00:00:00.000Z,103.98
6733bb40b04e91851e9d7a57,338,7,108,6,2024-02-24T00:00:00.000Z,130.08
6733bb40b04e91851e9d7a58,339,8,161,9,2024-03-08T00:00:00.000Z,50.47
6733bb40b04e91851e9d7a59,340,3,195,2,2024-01-26T00:00:00.000Z,188.04
6733bb40b04e91851e9d7a5a,341,5,178,1,2024-02-29T00:00:00.000Z,62.15
6733bb40b04e91851e9d7a5b,342,5,127,10,2024-02-04T00:00:00.000Z,159.21
6733bb40b04e91851e9d7a5c,343,3,192,5,2024-01-21T00:00:00.000Z,141.55
6733bb40b04e91851e9d7a5d,344,10,114,10,2024-02-14T00:00:00.000Z,43.77
6733bb40b04e91851e9d7a5e,345,3,178,10,2024-02-19T00:00:00.000Z,171.9
6733bb40b04e91851e9d7a5f,346,6,163,2,2024-01-20T00:00:00.000Z,146.9
6733bb40b04e91851e9d7a60,347,5,149,4,2024-02-16T00:00:00.000Z,155.11
6733bb40b04e91851e9d7a61,348,9,163,7,2024-01-25T00:00:00.000Z,110.28
6733bb40b04e91851e9d7a62,349,1,169,6,2024-02-05T00:00:00.000Z,51.11
6733bb40b04e91851e9d7a63,350,5,115,6,2024-03-09T00:00:00.000Z,163.25
6733bb40b04e91851e9d7a64,351,4,145,1,2024-02-28T00:00:00.000Z,176.38
6733bb40b04e91851e9d7a65,352,10,190,9,2024-03-14T00:00:00.000Z,45.35
6733bb40b04e91851e9d7a66,353,7,128,5,2024-02-26T00:00:00.000Z,133.31
6733bb40b04e91851e9d7a67,354,9,164,6,2024-03-05T00:00:00.000Z,140.69
6733bb40b04e91851e9d7a68,355,1,109,2,2024-03-10T00:00:00.000Z,127.64
6733bb40b04e91851e9d7a69,356,2,119,7,2024-02-03T00:00:00.000Z,191.36
6733bb40b04e91851e9d7a6a,357,1,153,6,2024-01-29T00:00:00.000Z,75.97
6733bb40b04e91851e9d7a6b,358,3,139,10,2024-02-25T00:00:00.000Z,142.54
6733bb40b04e91851e9d7a6c,359,5,106,3,2024-01-16T00:00:00.000Z,76.48
6733bb40b04e91851e9d7a6d,360,5,148,7,2024-02-15T00:00:00.000Z,42.51
6733bb40b04e91851e9d7a6e,361,4,179,9,2024-02-15T00:00:00.000Z,104.61
6733bb40b04e91851e9d7a6f,362,10,186,3,2024-03-01T00:00:00.000Z,112.72
6733bb40b04e91851e9d7a70,363,1,133,7,2024-01-18T00:00:00.000Z,119.94
6733bb40b04e91851e9d7a71,364,5,182,2,2024-01-16T00:00:00.000Z,67.31
6733bb40b04e91851e9d7a72,365,8,184,2,2024-01-20T00:00:00.000Z,115.5
6733bb40b04e91851e9d7a73,366,1,103,8,2024-01-31T00:00:00.000Z,174.43
6733bb40b04e91851e9d7a74,367,10,130,8,2024-03-11T00:00:00.000Z,93.11
6733bb40b04e91851e9d7a75,368,3,193,8,2024-02-06T00:00:00.000Z,170.33
6733bb40b04e91851e9d7a76,369,2,184,2,2024-03-12T00:00:00.000Z,95.41
6733bb40b04e91851e9d7a77,370,3,123,8,2024-01-18T00:00:00.000Z,116.15
6733bb40b04e91851e9d7a78,371,1,158,5,2024-02-07T00:00:00.000Z,102.71
6733bb40b04e91851e9d7a79,372,8,185,1,2024-03-12T00:00:00.000Z,62.71
6733bb40b04e91851e9d7a7a,373,5,128,10,2024-02-17T00:00:00.000Z,181.67
6733bb40b04e91851e9d7a7b,374,9,144,7,2024-02-27T00:00:00.000Z,81.44
6733bb40b04e91851e9d7a7c,375,1,193,7,2024-02-27T00:00:00.000Z,129.98
6733bb40b04e91851e9d7a7d,376,3,183,3,2024-03-10T00:00:00.000Z,184.63
6733bb40b04e91851e9d7a7e,377,2,136,9,2024-01-23T00:00:00.000Z,183.4
6733bb40b04e91851e9d7a7f,378,1,185,6,2024-01-20T00:00:00.000Z,122.17
6733bb40b04e91851e9d7a80,379,2,108,1,2024-02-18T00:00:00.000Z,50.69
6733bb40b04e91851e9d7a81,380,10,135,3,2024-01-27T00:00:00.000Z,181.72
6733bb40b04e91851e9d7a82,381,2,159,8,2024-02-19T00:00:00.000Z,106.55
6733bb40b04e91851e9d7a83,382,7,140,3,2024-01-20T00:00:00.000Z,92.41
6733bb40b04e91851e9d7a84,383,6,133,6,2024-03-14T00:00:00.000Z,68.19
6733bb40b04e91851e9d7a85,384,3,139,5,2024-02-13T00:00:00.000Z,45.66
6733bb40b04e91851e9d7a86,385,4,200,8,2024-02-20T00:00:00.000Z,150.99
6733bb40b04e91851e9d7a87,386,6,172,1,2024-02-27T00:00:00.000Z,153.18
6733bb40b04e91851e9d7a88,387,4,186,2,2024-01-23T00:00:00.000Z,83.81
6733bb40b04e91851e9d7a89,388,3,157,3,2024-02-13T00:00:00.000Z,101.02
6733bb40b04e91851e9d7a8a,389,8,122,10,2024-01-30T00:00:00.000Z,153.73
6733bb40b04e91851e9d7a8b,390,5,126,2,2024-01-26T00:00:00.000Z,154.34
6733bb40b04e91851e9d7a8c,391,7,124,5,2024-02-23T00:00:00.000Z,20.83
6733bb40b04e91851e9d7a8d,392,7,119,7,2024-02-27T00:00:00.000Z,115.45
6733bb40b04e91851e9d7a8e,393,3,200,8,2024-02-10T00:00:00.000Z,178.94
6733bb40b04e91851e9d7a8f,394,3,186,7,2024-02-22T00:00:00.000Z,27.72
6733bb40b04e91851e9d7a90,395,7,103,3,2024-01-19T00:00:00.000Z,171.66
6733bb40b04e91851e9d7a91,396,6,105,8,2024-01-30T00:00:00.000Z,138.81
6733bb40b04e91851e9d7a92,397,3,188,8,2024-01-22T00:00:00.000Z,83.18
6733bb40b04e91851e9d7a93,398,8,142,8,2024-02-24T00:00:00.000Z,129.68
6733bb40b04e91851e9d7a94,399,1,150,1,2024-01-28T00:00:00.000Z,175.05
6733bb40b04e91851e9d7a95,400,10,193,10,2024-02-19T00:00:00.000Z,100.36
6733bb40b04e91851e9d7a96,401,3,134,4,2024-03-07T00:00:00.000Z,35.12
6733bb40b04e91851e9d7a97,402,1,157,9,2024-02-06T00:00:00.000Z,123.6
6733bb40b04e91851e9d7a98,403,1,155,4,2024-02-07T00:00:00.000Z,21.02
6733bb40b04e91851e9d7a99,404,3,125,2,2024-02-05T00:00:00.000Z,50.87
6733bb40b04e91851e9d7a9a,405,6,173,9,2024-01-31T00:00:00.000Z,145.36
6733bb40b04e91851e9d7a9b,406,9,149,2,2024-03-05T00:00:00.000Z,193.81
6733bb40b04e91851e9d7a9c,407,5,110,4,2024-03-07T00:00:00.000Z,136.8
6733bb40b04e91851e9d7a9d,408,2,185,6,2024-02-04T00:00:00.000Z,160.98
6733bb40b04e91851e9d7a9e,409,5,105,10,2024-02-25T00:00:00.000Z,131.95
6733bb40b04e91851e9d7a9f,410,9,188,4,2024-03-05T00:00:00.000Z,103.02
6733bb40b04e91851e9d7aa0,411,4,195,3,2024-02-10T00:00:00.000Z,139.96
6733bb40b04e91851e9d7aa1,412,5,148,5,2024-02-07T00:00:00.000Z,135.46
6733bb40b04e91851e9d7aa2,413,5,193,9,2024-02-21T00:00:00.000Z,74.96
6733bb40b04e91851e9d7aa3,414,1,132,6,2024-02-17T00:00:00.000Z,103.86
6733bb40b04e91851e9d7aa4,415,7,166,3,2024-02-02T00:00:00.000Z,166.9
6733bb40b04e91851e9d7aa5,416,5,152,8,2024-03-08T00:00:00.000Z,63.24
6733bb40b04e91851e9d7aa6,417,4,145,6,2024-01-31T00:00:00.000Z,31.94
6733bb40b04e91851e9d7aa7,418,10,148,8,2024-03-02T00:00:00.000Z,131.65
6733bb40b04e91851e9d7aa8,419,5,196,1,2024-02-25T00:00:00.000Z,162.28
6733bb40b04e91851e9d7aa9,420,10,153,1,2024-01-23T00:00:00.000Z,124.78
6733bb40b04e91851e9d7aaa,421,7,131,9,2024-01-18T00:00:00.000Z,139.59
6733bb40b04e91851e9d7aab,422,10,151,4,2024-02-21T00:00:00.000Z,22.61
6733bb40b04e91851e9d7aac,423,5,116,2,2024-02-11T00:00:00.000Z,180.83
6733bb40b04e91851e9d7aad,424,7,147,1,2024-02-18T00:00:00.000Z,191.5
6733bb40b04e91851e9d7aae,425,8,146,4,2024-02-15T00:00:00.000Z,180.86
6733bb40b04e91851e9d7aaf,426,8,165,2,2024-01-23T00:00:00.000Z,90.6
6733bb40b04e91851e9d7ab0,427,8,198,5,2024-01-17T00:00:00.000Z,192.19
6733bb40b04e91851e9d7ab1,428,1,109,1,2024-01-26T00:00:00.000Z,136.88
6733bb40b04e91851e9d7ab2,429,2,132,7,2024-02-12T00:00:00.000Z,131.96
6733bb40b04e91851e9d7ab3,430,2,177,7,2024-01-28T00:00:00.000Z,59.43
6733bb40b04e91851e9d7ab4,431,4,105,9,2024-03-11T00:00:00.000Z,131.51
6733bb40b04e91851e9d7ab5,432,10,102,9,2024-02-29T00:00:00.000Z,156.74
6733bb40b04e91851e9d7ab6,433,3,157,10,2024-02-13T00:00:00.000Z,97.79
6733bb40b04e91851e9d7ab7,434,4,109,4,2024-03-15T00:00:00.000Z,154.96
6733bb40b04e91851e9d7ab8,435,5,128,7,2024-02-27T00:00:00.000Z,176.89
6733bb40b04e91851e9d7ab9,436,3,102,9,2024-01-17T00:00:00.000Z,132.91
6733bb40b04e91851e9d7aba,437,8,113,9,2024-02-04T00:00:00.000Z,188.66
6733bb40b04e91851e9d7abb,438,3,115,3,2024-01-16T00:00:00.000Z,156.28
6733bb40b04e91851e9d7abc,439,3,116,10,2024-02-29T00:00:00.000Z,27.66
6733bb40b04e91851e9d7abd,440,9,161,7,2024-03-12T00:00:00.000Z,128.52
6733bb40b04e91851e9d7abe,441,9,122,8,2024-02-15T00:00:00.000Z,153.02
6733bb40b04e91851e9d7abf,442,9,146,7,2024-01-31T00:00:00.000Z,48.11
6733bb40b04e91851e9d7ac0,443,5,182,7,2024-02-22T00:00:00.000Z,130.82
6733bb40b04e91851e9d7ac1,444,3,194,1,2024-02-15T00:00:00.000Z,196.41
6733bb40b04e91851e9d7ac2,445,10,181,3,2024-03-04T00:00:00.000Z,104.18
6733bb40b04e91851e9d7ac3,446,6,183,2,2024-03-09T00:00:00.000Z,86.68
6733bb40b04e91851e9d7ac4,447,8,155,1,2024-02-27T00:00:00.000Z,120.15
6733bb40b04e91851e9d7ac5,448,4,141,3,2024-03-12T00:00:00.000Z,116.61
6733bb40b04e91851e9d7ac6,449,8,177,7,2024-02-21T00:00:00.000Z,153.46
6733bb40b04e91851e9d7ac7,450,8,183,2,2024-02-11T00:00:00.000Z,126.59
6733bb40b04e91851e9d7ac8,451,3,182,7,2024-03-14T00:00:00.000Z,54.06
6733bb40b04e91851e9d7ac9,452,5,133,5,2024-03-08T00:00:00.000Z,76.88
6733bb40b04e91851e9d7aca,453,1,193,7,2024-03-08T00:00:00.000Z,75.09
6733bb40b04e91851e9d7acb,454,5,158,9,2024-02-01T00:00:00.000Z,59.96
6733bb40b04e91851e9d7acc,455,4,134,7,2024-02-13T00:00:00.000Z,88.6
6733bb40b04e91851e9d7acd,456,9,108,2,2024-03-13T00:00:00.000Z,156.44
6733bb40b04e91851e9d7ace,457,8,184,4,2024-03-09T00:00:00.000Z,183.06
6733bb40b04e91851e9d7acf,458,7,124,8,2024-01-18T00:00:00.000Z,167.21
6733bb40b04e91851e9d7ad0,459,6,170,3,2024-01-15T00:00:00.000Z,55.95
6733bb40b04e91851e9d7ad1,460,10,139,4,2024-01-22T00:00:00.000Z,47.41
6733bb40b04e91851e9d7ad2,461,10,187,10,2024-02-03T00:00:00.000Z,155.87
6733bb40b04e91851e9d7ad3,462,4,109,10,2024-02-26T00:00:00.000Z,44.06
6733bb40b04e91851e9d7ad4,463,10,143,1,2024-03-02T00:00:00.000Z,199.36
6733bb40b04e91851e9d7ad5,464,8,119,10,2024-02-29T00:00:00.000Z,118.72
6733bb40b04e91851e9d7ad6,465,10,144,9,2024-02-13T00:00:00.000Z,40.73
6733bb40b04e91851e9d7ad7,466,4,130,5,2024-01-23T00:00:00.000Z,70.66
6733bb40b04e91851e9d7ad8,467,8,166,6,2024-02-02T00:00:00.000Z,38.3
6733bb40b04e91851e9d7ad9,468,10,138,5,2024-01-26T00:00:00.000Z,39.79
6733bb40b04e91851e9d7ada,469,5,110,7,2024-03-02T00:00:00.000Z,38.4
6733bb40b04e91851e9d7adb,470,1,137,7,2024-03-07T00:00:00.000Z,44.59
6733bb40b04e91851e9d7adc,471,9,175,8,2024-02-03T00:00:00.000Z,41.84
6733bb40b04e91851e9d7add,472,9,162,5,2024-03-11T00:00:00.000Z,140.14
6733bb40b04e91851e9d7ade,473,9,118,4,2024-03-08T00:00:00.000Z,84.64
6733bb40b04e91851e9d7adf,474,4,113,4,2024-02-25T00:00:00.000Z,38.62
6733bb40b04e91851e9d7ae0,475,10,131,3,2024-03-06T00:00:00.000Z,110.38
6733bb40b04e91851e9d7ae1,476,9,196,3,2024-02-20T00:00:00.000Z,106.55
6733bb40b04e91851e9d7ae2,477,2,154,10,2024-02-02T00:00:00.000Z,100.38
6733bb40b04e91851e9d7ae3,478,1,154,2,2024-01-28T00:00:00.000Z,45.11
6733bb40b04e91851e9d7ae4,479,7,108,3,2024-02-28T00:00:00.000Z,100.17
6733bb40b04e91851e9d7ae5,480,3,106,3,2024-03-12T00:00:00.000Z,60.95
6733bb40b04e91851e9d7ae6,481,4,138,9,2024-01-21T00:00:00.000Z,135.85
6733bb40b04e91851e9d7ae7,482,4,155,8,2024-02-18T00:00:00.000Z,193.08
6733bb40b04e91851e9d7ae8,483,5,157,4,2024-01-21T00:00:00.000Z,70.08
6733bb40b04e91851e9d7ae9,484,3,112,6,2024-02-27T00:00:00.000Z,192.27
6733bb40b04e91851e9d7aea,485,3,181,5,2024-03-11T00:00:00.000Z,118.82
6733bb40b04e91851e9d7aeb,486,9,138,9,2024-03-15T00:00:00.000Z,123.46
6733bb40b04e91851e9d7aec,487,10,174,10,2024-01-30T00:00:00.000Z,51.36
6733bb40b04e91851e9d7aed,488,2,142,9,2024-01-16T00:00:00.000Z,77.01
6733bb40b04e91851e9d7aee,489,5,116,8,2024-03-14T00:00:00.000Z,188.05
6733bb40b04e91851e9d7aef,490,4,179,4,2024-03-07T00:00:00.000Z,80.28
6733bb40b04e91851e9d7af0,491,5,149,7,2024-01-22T00:00:00.000Z,65.31
6733bb40b04e91851e9d7af1,492,5,168,2,2024-01-24T00:00:00.000Z,134.21
6733bb40b04e91851e9d7af2,493,9,111,8,2024-01-17T00:00:00.000Z,39.52
6733bb40b04e91851e9d7af3,494,8,111,4,2024-03-12T00:00:00.000Z,90.45
6733bb40b04e91851e9d7af4,495,8,118,7,2024-01-18T00:00:00.000Z,22.37
6733bb40b04e91851e9d7af5,496,3,124,5,2024-02-19T00:00:00.000Z,81.34
6733bb40b04e91851e9d7af6,497,9,136,6,2024-01-25T00:00:00.000Z,84.42
6733bb40b04e91851e9d7af7,498,1,168,4,2024-02-07T00:00:00.000Z,193.74
6733bb40b04e91851e9d7af8,499,8,178,3,2024-03-01T00:00:00.000Z,20.05
6733bb40b04e91851e9d7af9,500,7,190,2,2024-02-08T00:00:00.000Z,40.68
